,name,city,state,city_long_lat
0,NorthGate Brewing ,Minneapolis, MN,"(44.9772995,-93.2654692)"
1,Against the Grain Brewery,Louisville, KY,"(38.2542376,-85.759407)"
2,Jack's Abby Craft Lagers,Framingham, MA,"(42.2773177,-71.4165905)"
3,Mike Hess Brewing Company,San Diego, CA,"(32.7174202,-117.1627728)"
4,Fort Point Beer Company,San Francisco, CA,"(37.7790262,-122.419906)"
5,COAST Brewing Company,Charleston, SC,"(32.7884363,-79.9399309)"
6,Great Divide Brewing Company,Denver, CO,"(39.7392364,-104.984862)"
7,Tapistry Brewing,Bridgman, MI,"(41.9430986,-86.5569659)"
8,Big Lake Brewing,Holland, MI,"(42.7876022,-86.1090828)"
9,The Mitten Brewing Company,Grand Rapids, MI,"(42.9632405,-85.6678639)"
10,Brewery Vivant,Grand Rapids, MI,"(42.9632405,-85.6678639)"
11,Petoskey Brewing,Petoskey, MI,"(45.373343,-84.95533)"
12,Blackrocks Brewery,Marquette, MI,"(46.4481521,-87.6305899)"
13,Perrin Brewing Company,Comstock Park, MI,"(43.0342874,-85.6655303)"
14,Witch's Hat Brewing Company,South Lyon, MI,"(42.451377,-83.659179)"
15,Founders Brewing Company,Grand Rapids, MI,"(42.9632405,-85.6678639)"
16,Flat 12 Bierwerks,Indianapolis, IN,"(39.7683331,-86.1583502)"
17,Tin Man Brewing Company,Evansville, IN,"(37.9747645,-87.5558483)"
18,Black Acre Brewing Co.,Indianapolis, IN,"(39.7683331,-86.1583502)"
19,Brew Link Brewing,Plainfield, IN,"(39.7042123,-86.3994387)"
20,Bare Hands Brewery,Granger, IN,"(41.73547645,-86.13970768197521)"
21,Three Pints Brewing,Martinsville, IN,"(39.4278253,-86.428328)"
22,Four Fathers Brewing ,Valparaiso, IN,"(41.4730948,-87.0611412)"
23,Indiana City Brewing,Indianapolis, IN,"(39.7683331,-86.1583502)"
24,Burn 'Em Brewing,Michigan City, IN,"(41.7075394,-86.8950297)"
25,Sun King Brewing Company,Indianapolis, IN,"(39.7683331,-86.1583502)"
26,Evil Czech Brewery,Mishawaka, IN,"(41.6611642,-86.1807031)"
27,450 North Brewing Company,Columbus, IN,"(39.2014405,-85.9213796)"
28,Taxman Brewing Company,Bargersville, IN,"(39.5208818,-86.1677657)"
29,Cedar Creek Brewery,Seven Points, TX,"(32.3208898,-96.2134015)"
30,SanTan Brewing Company,Chandler, AZ,"(33.3062031,-111.8411851)"
31,Boulevard Brewing Company,Kansas City, MO,"(39.100105,-94.5781416)"
32,James Page Brewing Company,Stevens Point, WI,"(44.5229223,-89.574111)"
33,The Dudes' Brewing Company,Torrance, CA,"(33.8358492,-118.3406288)"
34,Ballast Point Brewing Company,San Diego, CA,"(32.7174202,-117.1627728)"
35,Anchor Brewing Company,San Francisco, CA,"(37.7790262,-122.419906)"
36,Figueroa Mountain Brewing Company,Buellton, CA,"(34.6134727,-120.193669)"
37,Avery Brewing Company,Boulder, CO,"(40.0149856,-105.270545)"
38,Twisted X Brewing Company,Dripping Springs, TX,"(30.1902067,-98.0866781)"
39,Gonzo's BiggDogg Brewing,Kalamazoo, MI,"(42.291707,-85.5872286)"
40,Big Muddy Brewing,Murphysboro, IL,"(37.7644952,-89.3350888)"
41,Lost Nation Brewing,East Fairfield, VT,"(44.7844926,-72.8584673)"
42,Rising Tide Brewing Company,Portland, ME,"(43.6592687,-70.2572642)"
43,Rivertowne Brewing Company,Export, PA,"(40.4181235,-79.625599)"
44,Revolution Brewing Company,Chicago, IL,"(41.8755616,-87.6244212)"
45,Tallgrass Brewing Company,Manhattan, KS,"(39.1836082,-96.5716694)"
46,Sixpoint Craft Ales,Brooklyn, NY,"(40.6526006,-73.9497211)"
47,White Birch Brewing,Hooksett, NH,"(43.096972,-71.465378)"
48,Firestone Walker Brewing Company,Paso Robles, CA,"(35.6267654,-120.6912456)"
49,SweetWater Brewing Company,Atlanta, GA,"(33.7489924,-84.3902644)"
50,Flying Mouse Brewery,Troutville, VA,"(37.4181901,-79.8747687)"
51,Upslope Brewing Company,Boulder, CO,"(40.0149856,-105.270545)"
52,Pipeworks Brewing Company,Chicago, IL,"(41.8755616,-87.6244212)"
53,Bent Brewstillery,Roseville, MN,"(45.0060767,-93.1566107)"
54,Flesk Brewing Company,Lombard, IL,"(41.8864687,-88.0201536)"
55,Pollyanna Brewing Company,Lemont, IL,"(41.6737149,-88.0016263)"
56,BuckleDown Brewing,Lyons, IL,"(41.811108,-87.8232695)"
57,Destihl Brewery,Bloomington, IL,"(40.4797828,-88.9939147)"
58,Summit Brewing Company,St. Paul, MN,"(44.9497487,-93.0931028)"
59,Latitude 42 Brewing Company,Portage, MI,"(42.2011538,-85.5800022)"
60,4 Hands Brewing Company,Saint Louis, MO,"(38.6280278,-90.1910154)"
61,Surly Brewing Company,Brooklyn Center, MN,"(45.0748543,-93.3296296)"
62,Against The Grain Brewery,Louisville, KY,"(38.2542376,-85.759407)"
63,Crazy Mountain Brewing Company,Edwards, CO,"(44.324585,-75.251198)"
64,SlapShot Brewing Company,Chicago, IL,"(41.8755616,-87.6244212)"
65,Mikerphone Brewing,Chicago, IL,"(41.8755616,-87.6244212)"
66,Freetail Brewing Company,San Antonio, TX,"(29.4246002,-98.4951405)"
67,3 Daughters Brewing,St Petersburg, FL,"(27.7703796,-82.6695085)"
68,Red Shedman Farm Brewery and Hop...,Mt. Airy, MD,"(39.3765918,-77.1549078)"
69,Appalachian Mountain Brewery,Boone, NC,"(36.2165362,-81.6746158)"
70,Birdsong Brewing Company,Charlotte, NC,"(35.2272086,-80.8430827)"
71,Union Craft Brewing,Baltimore, MD,"(39.2908816,-76.610759)"
72,Atwater Brewery,Detroit, MI,"(42.3315509,-83.0466403)"
73,Ale Asylum,Madison, WI,"(43.074761,-89.3837613)"
74,Two Brothers Brewing Company,Warrenville, IL,"(41.8179303,-88.174097)"
75,Bent Paddle Brewing Company,Duluth, MN,"(46.7729322,-92.1251218)"
76,Bell's Brewery,Kalamazoo, MI,"(42.291707,-85.5872286)"
77,Blue Owl Brewing,Austin, TX,"(30.2711286,-97.7436995)"
78,Speakasy Ales & Lagers,San Francisco, CA,"(37.7790262,-122.419906)"
79,Black Tooth Brewing Company,Sheridan, WY,"(44.797194,-106.956179)"
80,Hopworks Urban Brewery,Portland, OR,"(45.5202471,-122.674194)"
81,Epic Brewing,Denver, CO,"(39.7392364,-104.984862)"
82,New Belgium Brewing Company,Fort Collins, CO,"(40.5508527,-105.0668085)"
83,Sierra Nevada Brewing Company,Chico, CA,"(39.7284945,-121.8374777)"
84,Keweenaw Brewing Company,Houghton, MI,"(46.8591287,-88.7774734)"
85,Brewery Terra Firma,Traverse City, MI,"(44.7606441,-85.6165301)"
86,Grey Sail Brewing Company,Westerly, RI,"(41.3775996,-71.8272911)"
87,Kirkwood Station Brewing Company,Kirkwood, MO,"(38.5800713,-90.4069177)"
88,Goose Island Brewing Company,Chicago, IL,"(41.8755616,-87.6244212)"
89,Broad Brook Brewing LLC,East Windsor, CT,"(41.9156316,-72.6130726)"
90,The Lion Brewery,Wilkes-Barre, PA,"(41.2464824,-75.8817316)"
91,Madtree Brewing Company,Cincinnati, OH,"(39.1014537,-84.5124602)"
92,Jackie O's Pub & Brewery,Athens, OH,"(39.355589,-82.0610404)"
93,Rhinegeist Brewery,Cincinnati, OH,"(39.1014537,-84.5124602)"
94,Warped Wing Brewing Company,Dayton, OH,"(39.7589478,-84.1916069)"
95,Blackrocks Brewery,Marquette, MA,"(46.4481521,-87.6305899)"
96,Catawba Valley Brewing Company,Morganton, NC,"(35.7454291,-81.6870837)"
97,Tr√∂egs Brewing Company,Hershey, PA,"(40.2854881,-76.6506001)"
98,Mission Brewery,San Diego, CA,"(32.7174202,-117.1627728)"
99,Christian Moerlein Brewing Company,Cincinnati, OH,"(39.1014537,-84.5124602)"
100,West Sixth Brewing,Lexington, KY,"(38.0464066,-84.4970393)"
101,Coastal Extreme Brewing Company,Newport, RI,"(41.4899827,-71.3137707)"
102,King Street Brewing Company,Anchorage, AK,"(61.2163129,-149.894852)"
103,Beer Works Brewery,Lowell, MA,"(42.6414437,-71.3085329)"
104,Lone Tree Brewing Company,Lone Tree, CO,"(41.4881375,-91.4258091)"
105,Four String Brewing Company,Columbus, OH,"(39.9622601,-83.0007065)"
106,Glabrous Brewing Company,Pineland, ME,"(43.894483199999996,-70.2425469357766)"
107,Bonfire Brewing Company,Eagle, CO,"(39.6161124,-106.7172844)"
108,Thomas Hooker Brewing Company,Bloomfield, CT,"(42.5945771,-97.6486591)"
109,"Woodstock Inn, Station & Brewery",North Woodstock, NH,"(44.0303449,-71.6859143)"
110,Renegade Brewing Company,Denver, CO,"(39.7392364,-104.984862)"
111,Mother Earth Brew Company,Vista, CA,"(33.2000368,-117.2425355)"
112,Black Market Brewing Company,Temecula, CA,"(33.4946353,-117.1473661)"
113,Vault Brewing Company,Yardley, PA,"(40.245664,-74.8459972)"
114,Jailbreak Brewing Company,Laurel, MD,"(39.1044123,-76.8669233)"
115,Smartmouth Brewing Company,Norfolk, VA,"(36.8448348,-76.2863999)"
116,Base Camp Brewing Co.,Portland, OR,"(45.5202471,-122.674194)"
117,Alameda Brewing,Portland, OR,"(45.5202471,-122.674194)"
118,Southern Star Brewing Company,Conroe, TX,"(30.3118769,-95.4560512)"
119,Steamworks Brewing Company,Durango, CO,"(37.2395367,-107.82158179169292)"
120,Horny Goat Brew Pub,Milwaukee, WI,"(43.0349931,-87.922497)"
121,Cheboygan Brewing Company,Cheboygan, MI,"(45.4417481,-84.4768486)"
122,Center of the Universe Brewing C...,Ashland, VA,"(37.7594012,-77.4806603)"
123,Ipswich Ale Brewery,Ipswich, MA,"(52.0579324,1.1528095)"
124,Griffin Claw Brewing Company,Birmingham, MI,"(33.5206824,-86.8024326)"
125,Karbach Brewing Company,Houston, TX,"(29.7589382,-95.3676974)"
126,Uncle Billy's Brewery and Smokeh...,Austin, TX,"(30.2711286,-97.7436995)"
127,Deep Ellum Brewing Company,Dallas, TX,"(32.7762719,-96.7968559)"
128,Real Ale Brewing Company,Blanco, TX,"(30.2419274,-98.4004594)"
129,Straub Brewery,St Mary's, PA,"(51.5198194,-0.1618905372313179)"
130,Shebeen Brewing Company,Wolcott, CT,"(41.6023196,-72.9867718)"
131,Stevens Point Brewery,Stevens Point, WI,"(44.5229223,-89.574111)"
132,Weston Brewing Company,Weston, MO,"(39.4143273,-94.9006328)"
133,Southern Prohibition Brewing Com...,Hattiesburg, MS,"(31.3271189,-89.2903392)"
134,Minhas Craft Brewery,Monroe, WI,"(43.9416755,-90.6397264)"
135,Pug Ryan's Brewery,Dillon, CO,"(45.2141249,-112.6346079)"
136,Hops & Grains Brewing Company,Austin, TX,"(30.2711286,-97.7436995)"
137,Sietsema Orchards and Cider Mill,Ada, MI,"(47.299689,-96.5153463)"
138,Summit Brewing Company,St Paul, MN,"(44.9497487,-93.0931028)"
139,Core Brewing & Distilling Company,Springdale, AR,"(36.1867442,-94.1288142)"
140,Independence Brewing Company,Austin, TX,"(30.2711286,-97.7436995)"
141,Cigar City Brewing Company,Tampa, FL,"(27.9477595,-82.458444)"
142,Third Street Brewhouse,Cold Spring, MN,"(45.4557973,-94.4288849)"
143,Narragansett Brewing Company,Providence, RI,"(41.8239891,-71.4128343)"
144,Grimm Brothers Brewhouse,Loveland, CO,"(40.385549,-105.04436132094955)"
145,Cisco Brewers,Nantucket, MA,"(41.315731400000004,-70.00901408779944)"
146,Angry Minnow,Hayward, WI,"(46.0129676,-91.4848728)"
147,Platform Beer Company,Cleveland, OH,"(41.4996574,-81.6936772)"
148,Odyssey Beerwerks,Arvada, CO,"(39.8005505,-105.0811573)"
149,Lonerider Brewing Company,Raleigh, NC,"(35.7803977,-78.6390989)"
150,Oakshire Brewing,Eugene, OR,"(44.0505054,-123.0950506)"
151,Fort Pitt Brewing Company,Latrobe, PA,"(40.317287,-79.3840301)"
152,Tin Roof Brewing Company,Baton Rouge, LA,"(30.4494155,-91.1869659)"
153,Three Creeks Brewing,Sisters, OR,"(44.290948,-121.5492516)"
154,2 Towns Ciderhouse,Corvallis, OR,"(44.5645659,-123.2620435)"
155,Caldera Brewing Company,Ashland, OR,"(42.1972487,-122.7153995)"
156,Greenbrier Valley Brewing Company,Lewisburg, WV,"(37.8017879,-80.4456303)"
157,Phoenix Ale Brewery,Phoenix, AZ,"(33.4484367,-112.074141)"
158,Lumberyard Brewing Company,Flagstaff, AZ,"(35.1816047,-111.6165953319917)"
159,Uinta Brewing Company,Salt Lake City, UT,"(40.7596198,-111.886797)"
160,Four Peaks Brewing Company,Tempe, AZ,"(33.4255117,-111.9400164)"
161,Martin House Brewing Company,Fort Worth, TX,"(32.753177,-97.3327459)"
162,Right Brain Brewery,Traverse City, MI,"(44.7606441,-85.6165301)"
163,Sly Fox Brewing Company,Phoenixville, PA,"(40.1303822,-75.5149128)"
164,Round Guys Brewing,Lansdale, PA,"(40.2414952,-75.2837862)"
165,Great Crescent Brewery,Aurora, IN,"(39.0570022,-84.9013402)"
166,Oskar Blues Brewery,Longmont, CO,"(40.1672117,-105.1019287)"
167,Boxcar Brewing Company,West Chester, PA,"(39.9597213,-75.6059638)"
168,High Hops Brewery,Windsor, CO,"(38.5471327,-122.8163802)"
169,Crooked Fence Brewing Company,Garden City, ID,"(43.622111,-116.238178)"
170,Everybody's Brewing,White Salmon, WA,"(45.7276194,-121.4864619)"
171,Anderson Valley Brewing Company,Boonville, CA,"(39.0091667,-123.3661111)"
172,Fiddlehead Brewing Company,Shelburne, VT,"(44.3783486,-73.2276183)"
173,Evil Twin Brewing,Brooklyn, NY,"(40.6526006,-73.9497211)"
174,New Orleans Lager & Ale Brewing ...,New Orleans, LA,"(29.9759983,-90.0782127)"
175,Spiteful Brewing Company,Chicago, IL,"(41.8755616,-87.6244212)"
176,Rahr & Sons Brewing Company,Fort Worth, TX,"(32.753177,-97.3327459)"
177,18th Street Brewery,Gary, IN,"(41.6020962,-87.3370647)"
178,Cambridge Brewing Company,Cambridge, MA,"(42.3750997,-71.1056157)"
179,Carolina Brewery,Pittsboro, NC,"(35.7201229,-79.1771539)"
180,Frog Level Brewing Company,Waynesville, NC,"(35.4887476,-82.9888725)"
181,Wild Wolf Brewing Company,Nellysford, VA,"(37.8904176,-78.8722444)"
182,COOP Ale Works,Oklahoma City, OK,"(35.4729886,-97.5170536)"
183,Seventh Son Brewing Company,Columbus, OH,"(39.9622601,-83.0007065)"
184,Oasis Texas Brewing Company,Austin, TX,"(30.2711286,-97.7436995)"
185,Vander Mill Ciders,Spring Lake, MI,"(43.076963,-86.196997)"
186,St. Julian Winery,Paw Paw, MI,"(42.2178171,-85.8911246)"
187,Pedernales Brewing Company,Fredericksburg, TX,"(30.2752011,-98.8719843)"
188,Mother's Brewing,Springfield, MO,"(37.1968298,-93.2946576)"
189,Modern Monks Brewery,Lincoln, NE,"(40.8088861,-96.7077751)"
190,Two Beers Brewing Company,Seattle, WA,"(47.6038321,-122.330062)"
191,Snake River Brewing Company,Jackson, WY,"(43.479965,-110.761815)"
192,Capital Brewery,Middleton, WI,"(43.0962919,-89.5119565)"
193,Anthem Brewing Company,Oklahoma City, OK,"(35.4729886,-97.5170536)"
194,Goodlife Brewing Co.,Bend, OR,"(44.0581728,-121.3153096)"
195,Breakside Brewery,Portland, OR,"(45.5202471,-122.674194)"
196,Goose Island Brewery Company,Chicago, IL,"(41.8755616,-87.6244212)"
197,Burnside Brewing Co.,Portland, OR,"(45.5202471,-122.674194)"
198,Hop Valley Brewing Company,Springfield, OR,"(44.0462362,-123.0220289)"
199,Worthy Brewing Company,Bend, OR,"(44.0581728,-121.3153096)"
200,Occidental Brewing Company,Portland, OR,"(45.5202471,-122.674194)"
201,Fearless Brewing Company,Estacada, OR,"(45.2864689,-122.3342596)"
202,Upland Brewing Company,Bloomington, IN,"(39.1670396,-86.5342881)"
203,Mehana Brewing Co.,Hilo, HI,"(19.7073734,-155.08158)"
204,Hawai'i Nui Brewing Co.,Hilo, HI,"(19.7073734,-155.08158)"
205,People's Brewing Company,Lafayette, IN,"(40.4167022,-86.8752869)"
206,Fort George Brewery,Astoria, OR,"(46.1882007,-123.8319802)"
207,Branchline Brewing Company,San Antonio, TX,"(29.4246002,-98.4951405)"
208,Kalona Brewing Company,Kalona, IA,"(50.938361,6.959974)"
209,Modern Times Beer,San Diego, CA,"(32.7174202,-117.1627728)"
210,Temperance Beer Company,Evanston, IL,"(42.0447388,-87.6930459)"
211,Wisconsin Brewing Company,Verona, WI,"(42.9905492,-89.5335575)"
212,Crow Peak Brewing Company,Spearfish, SD,"(44.490817,-103.85937)"
213,Grapevine Craft Brewery,Farmers Branch, TX,"(32.9265668,-96.8960916)"
214,Buffalo Bayou Brewing Company,Houston, TX,"(29.7589382,-95.3676974)"
215,Texian Brewing Co.,Richmond, TX,"(29.5821811,-95.7607832)"
216,Orpheus Brewing,Atlanta, GA,"(33.7489924,-84.3902644)"
217,Forgotten Boardwalk,Cherry Hill, NJ,"(39.9348351,-75.0307264)"
218,Laughing Dog Brewing Company,Ponderay, ID,"(48.3054806,-116.5338037)"
219,Bozeman Brewing Company,Bozeman, MT,"(45.6794293,-111.044047)"
220,Big Choice Brewing,Broomfield, CO,"(39.9403995,-105.05208)"
221,Big Storm Brewing Company,Odessa, FL,"(28.183222,-82.55402792188)"
222,Carton Brewing Company,Atlantic Highlands, NJ,"(40.4078865,-74.034306)"
223,Midnight Sun Brewing Company,Anchorage, AK,"(61.2163129,-149.894852)"
224,Fat Head's Brewery,Middleburg Heights, OH,"(41.3614401,-81.812912)"
225,Refuge Brewery,Temecula, CA,"(33.4946353,-117.1473661)"
226,Chatham Brewing,Chatham, NY,"(42.3642517,-73.5948391)"
227,DC Brau Brewing Company,Washington, DC,"(38.8950368,-77.0365427)"
228,Geneva Lake Brewing Company,Lake Geneva, WI,"(42.5916836,-88.4334301)"
229,Rochester Mills Brewing Company,Rochester, MI,"(44.0234387,-92.4630182)"
230,Cape Ann Brewing Company,Gloucester, MA,"(42.6159286,-70.6619888)"
231,Borderlands Brewing Company,Tucson, AZ,"(32.2228765,-110.9748477)"
232,College Street Brewhouse and Pub,Lake Havasu City, AZ,"(34.4838502,-114.3224495)"
233,Joseph James Brewing Company,Henderson, NV,"(36.0301134,-114.9826194)"
234,Harpoon Brewery,Boston, MA,"(42.3554334,-71.060511)"
235,Back East Brewing Company,Bloomfield, CT,"(42.5945771,-97.6486591)"
236,Champion Brewing Company,Charlottesville, VA,"(38.029306,-78.4766781)"
237,Devil's Backbone Brewing Company,Lexington, VA,"(37.7840208,-79.4428157)"
238,Newburgh Brewing Company,Newburgh, NY,"(41.5034271,-74.0104179)"
239,Wiseacre Brewing Company,Memphis, TN,"(35.1460249,-90.0517638)"
240,Golden Road Brewing,Los Angeles, CA,"(34.0536909,-118.242766)"
241,New Republic Brewing Company,College Station, TX,"(30.5955289,-96.3071042)"
242,Infamous Brewing Company,Austin, TX,"(30.2711286,-97.7436995)"
243,Two Henrys Brewing Company,Plant City, FL,"(28.01633,-82.1234803)"
244,Lift Bridge Brewing Company,Stillwater, MN,"(45.0564041,-92.8134982)"
245,Lucky Town Brewing Company,Jackson, MS,"(32.3086744,-90.1983063)"
246,Quest Brewing Company,Greenville, SC,"(34.851354,-82.3984882)"
247,Creature Comforts,Athens, GA,"(33.9597677,-83.376398)"
248,Half Full Brewery,Stamford, CT,"(41.0534302,-73.5387341)"
249,Southampton Publick House,Southampton, NY,"(40.884267,-72.3895296)"
250,Chapman's Brewing,Angola, IN,"(41.634874,-84.99928)"
251,Barrio Brewing Company,Tucson, AZ,"(32.2228765,-110.9748477)"
252,Santa Cruz Mountain Brewing,Santa Cruz, CA,"(37.050096,-121.9905908)"
253,Frankenmuth Brewery,Frankenmuth, MI,"(43.3323684,-83.7392288)"
254,Meckley's Cidery,Somerset Center, MI,"(42.0511543,-84.4135604)"
255,Stillwater Artisanal Ales,Baltimore, MD,"(39.2908816,-76.610759)"
256,Finch's Beer Company,Chicago, IL,"(41.8755616,-87.6244212)"
257,South Austin Brewery,South Austin, TX,"(32.4669645,-98.6853471)"
258,Bauhaus Brew Labs,Minneapolis, MN,"(44.9772995,-93.2654692)"
259,Ozark Beer Company,Rogers, AR,"(36.3320197,-94.1185366)"
260,Mountain Town Brewing Company ,Mount Pleasant, MI,"(43.597646,-84.7668495)"
261,Otter Creek Brewing,Waterbury, VT,"(44.337125349999994,-72.75549720909403)"
262,The Brewer's Art,Baltimore, MD,"(39.2908816,-76.610759)"
263,Denver Beer Company,Denver, CO,"(39.7392364,-104.984862)"
264,Ska Brewing Company,Durango, CO,"(37.2395367,-107.82158179169292)"
265,Tractor Brewing Company,Albuquerque, NM,"(35.0841034,-106.650985)"
266,Peak Organic Brewing Company,Portland, ME,"(43.6592687,-70.2572642)"
267,Cape Cod Beer,Hyannis, MA,"(41.6534847,-70.2823732)"
268,Long Trail Brewing Company,Bridgewater Corners, VT,"(43.5883336,-72.6561682)"
269,Great Raft Brewing Company,Shreveport, LA,"(32.4707862,-93.7559378)"
270,Alaskan Brewing Company,Juneau, AK,"(58.3019496,-134.419734)"
271,Notch Brewing Company,Ipswich, MA,"(52.0579324,1.1528095)"
272,The Alchemist,Waterbury, VT,"(44.337125349999994,-72.75549720909403)"
273,Three Notch'd Brewing Company,Charlottesville, VA,"(38.029306,-78.4766781)"
274,Portside Brewery,Cleveland, OH,"(41.4996574,-81.6936772)"
275,Otter Creek Brewing,Middlebury, VT,"(44.007273600000005,-73.16330105415423)"
276,Montauk Brewing Company,Montauk, NY,"(41.0347223,-71.9442623)"
277,Indeed Brewing Company,Minneapolis, MN,"(44.9772995,-93.2654692)"
278,Berkshire Brewing Company,South Deerfield, MA,"(42.4773097,-72.6078667)"
279,Foolproof Brewing Company,Pawtucket, RI,"(41.878711,-71.3825558)"
280,Headlands Brewing Company,Mill Valley, CA,"(37.9060368,-122.5449763)"
281,Bolero Snort Brewery,Ridgefield Park, NJ,"(40.8570442,-74.0215285)"
282,Thunderhead Brewing Company,Kearney, NE,"(40.4906216,-98.9472344)"
283,Defiance Brewing Company,Hays, KS,"(38.8791783,-99.3267702)"
284,Milwaukee Brewing Company,Milwaukee, WI,"(43.0349931,-87.922497)"
285,Catawba Island Brewing,Port Clinton, OH,"(41.5119954,-82.9376919)"
286,Back Forty Beer Company,Gadsden, AL,"(34.010929,-85.9989596)"
287,Four Corners Brewing Company,Dallas, TX,"(32.7762719,-96.7968559)"
288,Saint Archer Brewery,San Diego, CA,"(32.7174202,-117.1627728)"
289,Rogue Ales,Newport, OR,"(44.636755,-124.053442)"
290,Hale's Ales,Seattle, WA,"(47.6038321,-122.330062)"
291,Tommyknocker Brewery,Idaho Springs, CO,"(39.7425969,-105.5136365)"
292,Baxter Brewing Company,Lewiston, ME,"(44.100351,-70.2147764)"
293,Northampton Brewery,Northamtpon, MA,"(42.3178989,-72.6311006)"
294,Black Shirt Brewing Company,Denver, CO,"(39.7392364,-104.984862)"
295,Wachusett Brewing Company,Westminster, MA,"(51.5004439,-0.1265398)"
296,Widmer Brothers Brewing Company,Portland, OR,"(45.5202471,-122.674194)"
297,Hop Farm Brewing Company,Pittsburgh, PA,"(40.4416941,-79.9900861)"
298,Liquid Hero Brewery,York, PA,"(39.9624624,-76.727707)"
299,Matt Brewing Company,Utica, NY,"(43.1009031,-75.2326641)"
300,Boston Beer Company,Boston, MA,"(42.3554334,-71.060511)"
301,Old Forge Brewing Company,Danville, PA,"(40.9664806,-76.6131474)"
302,Utah Brewers Cooperative,Salt Lake City, UT,"(40.7596198,-111.886797)"
303,Magic Hat Brewing Company,South Burlington, VT,"(44.4671635,-73.1715669)"
304,Blue Hills Brewery,Canton, MA,"(32.612602,-90.0367512)"
305,Night Shift Brewing,Everett, MA,"(42.40843,-71.0536625)"
306,Beach Brewing Company,Virginia Beach, VA,"(36.8529841,-75.9774183)"
307,Payette Brewing Company,Garden City, ID,"(43.622111,-116.238178)"
308,Brew Bus Brewing,Tampa, FL,"(27.9477595,-82.458444)"
309,Sockeye Brewing Company,Boise, ID,"(43.6008183,-116.24210864118032)"
310,Pine Street Brewery,San Francisco, CA,"(37.7790262,-122.419906)"
311,Dirty Bucket Brewing Company,Woodinville, WA,"(47.7545827,-122.1588902)"
312,Jackalope Brewing Company,Nashville, TN,"(36.1622767,-86.7742984)"
313,Slanted Rock Brewing Company,Meridian, ID,"(43.6086295,-116.392326)"
314,Piney River Brewing Company,Bucryus, MO,"(37.3442143,-92.0168233)"
315,Cutters Brewing Company,Avon, IN,"(39.7628227,-86.3997168)"
316,Iron Hill Brewery & Restaurant,Wilmington, DE,"(39.7459468,-75.546589)"
317,Marshall Wharf Brewing Company,Belfast, ME,"(44.4261864,-69.0078782)"
318,Banner Beer Company,Williamsburg, MA,"(37.2708788,-76.7074042)"
319,Dick's Brewing Company,Centralia, WA,"(46.7204489,-122.96143)"
320,Claremont Craft Ales,Claremont, CA,"(34.0966764,-117.7197785)"
321,Rivertown Brewing Company,Lockland, OH,"(39.2292249,-84.4577201)"
322,Voodoo Brewery,Meadville, PA,"(41.641445,-80.151449)"
323,D.L. Geary Brewing Company,Portland, ME,"(43.6592687,-70.2572642)"
324,Pisgah Brewing Company,Black Mountain, NC,"(35.6176544,-82.3205791)"
325,Neshaminy Creek Brewing Company,Croydon, PA,"(40.0873329,-74.9034996)"
326,Morgan Street Brewery,Saint Louis, MO,"(38.6280278,-90.1910154)"
327,Half Acre Beer Company,Chicago, IL,"(41.8755616,-87.6244212)"
328,The Just Beer Project,Burlington, VT,"(44.4761601,-73.212906)"
329,The Bronx Brewery,Bronx, NY,"(40.851039,-73.84025027765061)"
330,Dead Armadillo Craft Brewing,Tulsa, OK,"(36.1563122,-95.9927516)"
331,Catawba Brewing Company,Morganton, NC,"(35.7454291,-81.6870837)"
332,La Cumbre Brewing Company,Albuquerque, NM,"(35.0841034,-106.650985)"
333,David's Ale Works,Diamond Springs, CA,"(38.6798266,-120.82119422798166)"
334,The Traveler Beer Company,Burlington, VT,"(44.4761601,-73.212906)"
335,Fargo Brewing Company,Fargo, ND,"(46.877229,-96.789821)"
336,Big Sky Brewing Company,Missoula, MT,"(46.8701049,-113.995267)"
337,Nebraska Brewing Company,Papillion, NE,"(41.1544433,-96.0422378)"
338,Uncle John's Fruit House Winery,St. John's, MI,"(46.764039,-114.092874)"
339,Wormtown Brewery,Worcester, MA,"(42.2625621,-71.8018877)"
340,Due South Brewing Company,Boynton Beach, FL,"(26.5256179,-80.0666026)"
341,Palisade Brewing Company,Palisade, CO,"(46.7132862,-93.4885687)"
342,KelSo Beer Company,Brooklyn, NY,"(40.6526006,-73.9497211)"
343,Hardywood Park Craft Brewery,Richmond, VA,"(37.5385087,-77.43428)"
344,Wolf Hills Brewing Company,Abingdon, VA,"(51.6714842,-1.2779715)"
345,Lavery Brewing Company,Erie, PA,"(42.1294712,-80.0852695)"
346,Manzanita Brewing Company,Santee, CA,"(32.8383828,-116.9739167)"
347,Fullsteam Brewery,Durham, NC,"(35.996653,-78.9018053)"
348,Four Horsemen Brewing Company,South Bend, IN,"(41.6833813,-86.2500066)"
349,Hinterland Brewery,Green Bay, WI,"(44.5126379,-88.0125794)"
350,Central Coast Brewing Company,San Luis Obispo, CA,"(35.3540209,-120.3757163)"
351,Westfield River Brewing Company,Westfield, MA,"(42.1390327,-72.7584859)"
352,Elevator Brewing Company,Columbus, OH,"(39.9622601,-83.0007065)"
353,Aslan Brewing Company,Bellingham, WA,"(48.7544012,-122.478836)"
354,Kulshan Brewery,Bellingham, WA,"(48.7544012,-122.478836)"
355,Pikes Peak Brewing Company,Monument, CO,"(51.5106328,-0.0861271)"
356,Manayunk Brewing Company,Philadelphia, PA,"(39.9527237,-75.1635262)"
357,Buckeye Brewing,Cleveland, OH,"(41.4996574,-81.6936772)"
358,Daredevil Brewing Company,Shelbyville, IN,"(39.5214373,-85.7769238)"
359,NoDa Brewing Company,Charlotte, NC,"(35.2272086,-80.8430827)"
360,Aviator Brewing Company,Fuquay-Varina, NC,"(35.5843849,-78.7998691)"
361,Wild Onion Brewing Company,Lake Barrington, IL,"(42.2126265,-88.1671534508794)"
362,Hilliard's Beer,Seattle, WA,"(47.6038321,-122.330062)"
363,Mikkeller,Pottstown, PA,"(40.2452976,-75.6496424)"
364,Bohemian Brewery,Midvale, UT,"(40.6149174,-111.9106607)"
365,Great River Brewery,Davenport, IA,"(41.5235808,-90.5770967)"
366,Mustang Brewing Company,Mustang, OK,"(35.384227,-97.7244813)"
367,Airways Brewing Company,Kent, WA,"(47.3826903,-122.2270272)"
368,21st Amendment Brewery,San Francisco, CA,"(37.7790262,-122.419906)"
369,Eddyline Brewery & Restaurant,Buena Vista, CO,"(32.3190398,-84.5171411)"
370,Pizza Port Brewing Company,Carlsbad, CA,"(33.1580933,-117.3505966)"
371,Sly Fox Brewing Company,Pottstown, PA,"(40.2452976,-75.6496424)"
372,Spring House Brewing Company,Conestoga, PA,"(39.9406555,-76.3463493)"
373,7venth Sun,Dunedin, FL,"(28.0197404,-82.7717684)"
374,Astoria Brewing Company,Astoria, OR,"(46.1882007,-123.8319802)"
375,Maui Brewing Company,Lahaina, HI,"(20.88717735,-156.6748023632949)"
376,RoughTail Brewing Company,Midwest City, OK,"(35.4495097,-97.3967025)"
377,Lucette Brewing Company,Menominee, WI,"(45.0154357,-88.7089153)"
378,Bold City Brewery,Jacksonville, FL,"(30.3321838,-81.655651)"
379,Grey Sail Brewing of Rhode Island,Westerly, RI,"(41.3775996,-71.8272911)"
380,Blue Blood Brewing Company,Lincoln, NE,"(40.8088861,-96.7077751)"
381,Swashbuckler Brewing Company,Manheim, PA,"(40.1637359,-76.3952429)"
382,Blue Mountain Brewery,Afton, VA,"(38.0323598,-78.839189)"
383,Starr Hill Brewery,Crozet, VA,"(38.071572,-78.70201520503596)"
384,Westbrook Brewing Company,Mt. Pleasant, SC,"(32.7940651,-79.8625851)"
385,Shipyard Brewing Company,Portland, ME,"(43.6592687,-70.2572642)"
386,Revolution Brewing,Paonia, CO,"(38.8683205,-107.5920018)"
387,Natian Brewery,Portland, OR,"(45.5202471,-122.674194)"
388,Alltech's Lexington Brewing Company,Lexington, KY,"(38.0464066,-84.4970393)"
389,Oskar Blues Brewery (North Carol...,Brevard, NC,"(35.2334472,-82.7342919)"
390,Orlison Brewing Company,Airway Heights, WA,"(47.644611,-117.593272)"
391,Breckenridge Brewery,Denver, CO,"(39.7392364,-104.984862)"
392,Santa Fe Brewing Company,Santa Fe, NM,"(35.6876096,-105.938456)"
393,Miami Brewing Company,Miami, FL,"(25.7741728,-80.19362)"
394,Schilling & Company,Seattle, WA,"(47.6038321,-122.330062)"
395,Hops & Grain Brewery,Austin, TX,"(30.2711286,-97.7436995)"
396,White Flame Brewing Company,Hudsonville, MI,"(42.870889,-85.865235)"
397,Ruhstaller Beer Company,Sacramento, CA,"(38.5810606,-121.493895)"
398,Saugatuck Brewing Company,Douglas, MI,"(45.9340479,-95.4627651)"
399,Moab Brewery,Moab, UT,"(38.5738096,-109.546214)"
400,Macon Beer Company,Macon, GA,"(32.8406946,-83.6324022)"
401,Amnesia Brewing Company,Washougal, WA,"(45.5819594,-122.3479921)"
402,Wolverine State Brewing Company,Ann Arbor, MI,"(42.2681569,-83.7312291)"
403,Red Tank Cider Company,Bend, OR,"(44.0581728,-121.3153096)"
404,Cascadia Ciderworks United,Portland, OR,"(45.5202471,-122.674194)"
405,Fate Brewing Company,Boulder, CO,"(40.0149856,-105.270545)"
406,Lazy Monk Brewing,Eau Claire, WI,"(44.811349,-91.4984941)"
407,Bitter Root Brewing,Hamilton, MT,"(46.2561815,-114.15464243514151)"
408,10 Barrel Brewing Company,Bend, OR,"(44.0581728,-121.3153096)"
409,Tamarack Brewing Company,Lakeside, MT,"(48.0167945,-114.23689218857609)"
410,New England Brewing Company,Woodbridge, CT,"(41.32800315,-73.01818071838869)"
411,Seattle Cider Company,Seattle, WA,"(47.6038321,-122.330062)"
412,Straight to Ale,Huntsville, AL,"(34.729847,-86.5859011)"
413,Austin Beerworks,Austin, TX,"(30.2711286,-97.7436995)"
414,Blue Mountain Brewery,Arrington, VA,"(37.6840306,-78.9011326)"
415,Coastal Empire Beer Company,Savannah, GA,"(32.0790074,-81.0921335)"
416,Jack's Hard Cider (Hauser Estate...,Biglerville, PA,"(39.9303777,-77.2482712)"
417,Boulder Beer Company,Boulder, CO,"(40.0149856,-105.270545)"
418,Coalition Brewing Company,Portland, OR,"(45.5202471,-122.674194)"
419,Sanitas Brewing Company,Boulder, CO,"(40.0149856,-105.270545)"
420,Gore Range Brewery,Edwards, CO,"(44.324585,-75.251198)"
421,Redstone Meadery,Boulder, CO,"(40.0149856,-105.270545)"
422,Blue Dog Mead,Eugene, OR,"(44.0505054,-123.0950506)"
423,Hess Brewing Company,San Diego, CA,"(32.7174202,-117.1627728)"
424,Wynkoop Brewing Company,Denver, CO,"(39.7392364,-104.984862)"
425,Ciderboys,Stevens Point, WI,"(44.5229223,-89.574111)"
426,Armadillo Ale Works,Denton, TX,"(33.1838787,-97.1413417)"
427,Roanoke Railhouse Brewery,Roanoke, VA,"(37.270973,-79.9414313)"
428,Schlafly Brewing Company,Saint Louis, MO,"(38.6280278,-90.1910154)"
429,Asher Brewing Company,Boulder, CO,"(40.0149856,-105.270545)"
430,Lost Rhino Brewing Company,Ashburn, VA,"(39.030019100000004,-77.46964646557657)"
431,North Country Brewing Company,Slippery Rock, PA,"(41.0639506,-80.0564468)"
432,Seabright Brewery,Santa Cruz, CA,"(37.050096,-121.9905908)"
433,French Broad Brewery,Asheville, NC,"(35.6009498,-82.5540161)"
434,Angry Orchard Cider Company,Cincinnati, OH,"(39.1014537,-84.5124602)"
435,Two Roads Brewing Company,Stratford, CT,"(41.1947276,-73.1307708)"
436,Southern Oregon Brewing Company,Medford, OR,"(42.3264181,-122.8718605)"
437,Brooklyn Brewery,Brooklyn, NY,"(40.6526006,-73.9497211)"
438,The Right Brain Brewery,Traverse City, MI,"(44.7606441,-85.6165301)"
439,Kona Brewing Company,Kona, HI,"(19.6472213,-155.9966428)"
440,MillKing It Productions,Royal Oak, MI,"(42.4894801,-83.1446485)"
441,Pateros Creek Brewing Company,Fort Collins, CO,"(40.5508527,-105.0668085)"
442,O'Fallon Brewery,O'Fallon, MO,"(38.7902503,-90.7033292)"
443,Marble Brewery,Albuquerque, NM,"(35.0841034,-106.650985)"
444,Big Wood Brewery,Vadnais Heights, MN,"(45.0574659,-93.0738306)"
445,Howard Brewing Company,Lenoir, NC,"(35.2590371,-77.6484879)"
446,Downeast Cider House,Leominster, MA,"(42.5267443,-71.7614891)"
447,Swamp Head Brewery,Gainesville, FL,"(29.6519684,-82.3249846)"
448,Mavericks Beer Company,Half Moon Bay, CA,"(52.3472138,-114.1766304)"
449,TailGate Beer,San Diego, CA,"(32.7174202,-117.1627728)"
450,Northwest Brewing Company,Pacific, WA,"(46.5334929,-123.768029)"
451,Dad & Dude's Breweria,Aurora, CO,"(41.7571701,-88.3147539)"
452,Centennial Beer Company,Edwards, CO,"(44.324585,-75.251198)"
453,Denali Brewing Company,Talkeetna, AK,"(62.267644,-150.02952875707462)"
454,Deschutes Brewery,Bend, OR,"(44.0581728,-121.3153096)"
455,Sunken City Brewing Company,Hardy, VA,"(39.0040008,-78.8441276)"
456,Lucette Brewing Company,Menominie, WI,"(42.5517064,-90.6037175)"
457,The Black Tooth Brewing Company,Sheridan, WY,"(44.797194,-106.956179)"
458,Kenai River Brewing Company,Soldotna, AK,"(60.4847228,-151.065349)"
459,River North Brewery,Denver, CO,"(39.7392364,-104.984862)"
460,Fremont Brewing Company,Seattle, WA,"(47.6038321,-122.330062)"
461,Armstrong Brewing Company,South San Francisco, CA,"(37.6535403,-122.4168664)"
462,AC Golden Brewing Company,Golden, CO,"(39.7546349,-105.22058)"
463,Big Bend Brewing Company,Alpine, TX,"(30.3602181,-103.6628596)"
464,Good Life Brewing Company,Bend, OR,"(44.0581728,-121.3153096)"
465,Engine 15 Brewing,Jacksonville Beach, FL,"(30.2946859,-81.3931396)"
466,Green Room Brewing,Jacksonville, FL,"(30.3321838,-81.655651)"
467,Brindle Dog Brewing Company,Tampa Bay, FL,"(27.6886419,-82.5723193)"
468,Peace Tree Brewing Company,Knoxville, IA,"(41.3183891,-93.0971358)"
469,Terrapin Brewing Company,Athens, GA,"(33.9597677,-83.376398)"
470,Pete's Brewing Company,San Antonio, TX,"(29.4246002,-98.4951405)"
471,Okoboji Brewing Company,Spirit Lake, IA,"(43.4224868,-95.1024729)"
472,Crystal Springs Brewing Company,Boulder, CO,"(40.0149856,-105.270545)"
473,Engine House 9,Tacoma, WA,"(47.2455013,-122.438329)"
474,Tonka Beer Company,Minnetonka, MN,"(44.9405086,-93.4638936)"
475,Red Hare Brewing Company,Marietta, GA,"(33.9528472,-84.5496148)"
476,Hangar 24 Craft Brewery,Redlands, CA,"(34.0550328,-117.1827445)"
477,Big Elm Brewing,Sheffield, MA,"(53.3806626,-1.4702278)"
478,Good People Brewing Company,Birmingham, AL,"(33.5206824,-86.8024326)"
479,Heavy Seas Beer,Halethorpe, MD,"(39.2398292,-76.6802471)"
480,Telluride Brewing Company,Telluride, CO,"(37.9374939,-107.812285)"
481,7 Seas Brewing Company,Gig Harbor, WA,"(47.3259697,-122.5878659)"
482,Confluence Brewing Company,Des Moines, IA,"(41.5910323,-93.6046655)"
483,Bale Breaker Brewing Company,Yakima, WA,"(46.601557,-120.510842)"
484,The Manhattan Brewing Company,New York, NY,"(40.7127281,-74.0060152)"
485,MacTarnahans Brewing Company,Portland, OR,"(45.5202471,-122.674194)"
486,Stillmank Beer Company,Green Bay, WI,"(44.5126379,-88.0125794)"
487,Redhook Brewery,Woodinville, WA,"(47.7545827,-122.1588902)"
488,Dock Street Brewery,Philadelphia, PA,"(39.9527237,-75.1635262)"
489,Blue Point Brewing Company,Patchogue, NY,"(40.7656539,-73.0151084)"
490,Tampa Bay Brewing Company,Tampa, FL,"(27.9477595,-82.458444)"
491,Devil's Canyon Brewery,Belmont, CA,"(37.5164926,-122.2941914)"
492,Stone Coast Brewing Company,Portland, ME,"(43.6592687,-70.2572642)"
493,Broken Tooth Brewing Company,Anchorage, AK,"(61.2163129,-149.894852)"
494,Seven Brides Brewery,Silverton, OR,"(45.0049305,-122.7832947)"
495,Newburyport Brewing Company,Newburyport, MA,"(42.8125913,-70.8772751)"
496,Dry Dock Brewing Company,Aurora, CO,"(41.7571701,-88.3147539)"
497,Cans Bar and Canteen,Charlotte, NC,"(35.2272086,-80.8430827)"
498,Sprecher Brewing Company,Glendale, WI,"(43.1352881,-87.9356423)"
499,Wildwood Brewing Company,Stevensville, MT,"(46.510407,-114.094385)"
500,High Noon Saloon And Brewery,Leavenworth, KS,"(39.3113257,-94.922759)"
501,Woodchuck Hard Cider,Middlebury, VT,"(44.007273600000005,-73.16330105415423)"
502,Sea Dog Brewing Company,Portland, ME,"(43.6592687,-70.2572642)"
503,Oskar Blues Brewery,Lyons, CO,"(41.811108,-87.8232695)"
504,Carolina Beer & Beverage,Mooresville, NC,"(35.5848596,-80.8100724)"
505,Krebs Brewing Company (Pete's Pl...,Krebs, OK,"(34.9278748,-95.7158221)"
506,Warbird Brewing Company,Fort Wayne, IN,"(41.0799898,-85.1386015)"
507,Mudshark Brewing Company,Lake Havasu City, AZ,"(34.4838502,-114.3224495)"
508,Spilker Ales,Cortland, NE,"(40.5056486,-96.7071284)"
509,Wingman Brewers,Tacoma, WA,"(47.2455013,-122.438329)"
510,Kettle House Brewing Company,Missoula, MT,"(46.8701049,-113.995267)"
511,Sherwood Forest Brewers,Marlborough, MA,"(42.3459271,-71.5522874)"
512,Cottrell Brewing,Pawcatuck, CT,"(41.3766695,-71.84612335442205)"
513,Arctic Craft Brewery,Colorado Springs, CO,"(38.8339578,-104.825348)"
514,Monkey Paw Pub & Brewery,San Diego, CA,"(32.7174202,-117.1627728)"
515,Crabtree Brewing Company,Greeley, CO,"(40.4233142,-104.7091322)"
516,Emerald City Beer Company,Seattle, WA,"(47.6038321,-122.330062)"
517,Butcher's Brewing,Carlsbad, CA,"(33.1580933,-117.3505966)"
518,New South Brewing Company,Myrtle Beach, SC,"(33.6956461,-78.8900409)"
519,Big River Brewing Company,Chattanooga, TN,"(35.0457219,-85.3094883)"
520,Twisted Pine Brewing Company,Boulder, CO,"(40.0149856,-105.270545)"
521,Flying Dog Brewery,Frederick, MD,"(39.415779,-77.4127562)"
522,Uncommon Brewers,Santa Cruz, CA,"(37.050096,-121.9905908)"
523,Aspen Brewing Company,Aspen, CO,"(39.1911128,-106.8235606)"
524,Triangle Brewing Company,Durham, NC,"(35.996653,-78.9018053)"
525,Bomb Beer Company,New York, NY,"(40.7127281,-74.0060152)"
526,Churchkey Can Company,Seattle, WA,"(47.6038321,-122.330062)"
527,Intuition Ale Works,Jacksonville, FL,"(30.3321838,-81.655651)"
528,Asheville Brewing Company,Asheville, NC,"(35.6009498,-82.5540161)"
529,Northwoods Brewpub,Eau Claire, WI,"(44.811349,-91.4984941)"
530,Buckbean Brewing Company,Reno, NV,"(39.5261206,-119.8126581)"
531,Dolores River Brewery,Dolores, CO,"(37.7524811,-108.4596087)"
532,Flat Rock Brewing Company,Smithton, PA,"(40.1539613,-79.7411535)"
533,Abita Brewing Company,Abita Springs, LA,"(30.4785257,-90.0375755)"
534,Mammoth Brewing Company,Mammoth Lakes, CA,"(37.6432525,-118.9668509)"
535,Harvest Moon Brewing Company,Belt, MT,"(47.387633,-110.927528)"
536,Grand Canyon Brewing Company,Williams, AZ,"(35.2503394,-112.1869481)"
537,Lewis and Clark Brewing Company,Helena, MT,"(46.5927425,-112.036277)"
538,Dundee Brewing Company,Rochester, NY,"(43.157285,-77.615214)"
539,Twin Lakes Brewing Company,Greenville, DE,"(34.851354,-82.3984882)"
540,Mother Earth Brewing Company,Kinston, NC,"(35.2626635,-77.5816353)"
541,Arcadia Brewing Company,Battle Creek, MI,"(42.3192548,-85.1824269)"
542,Angry Minnow Brewing Company,Hayward, WI,"(46.0129676,-91.4848728)"
543,Great Northern Brewing Company,Whitefish, MT,"(48.450293,-114.33828531635987)"
544,Pyramid Breweries,Seattle, WA,"(47.6038321,-122.330062)"
545,Lancaster Brewing Company,Lancaster, PA,"(40.03813,-76.3056686)"
546,Upstate Brewing Company,Elmira, NY,"(42.0897965,-76.8077338)"
547,Moat Mountain Smoke House & Brew...,North Conway, NH,"(44.0537103,-71.1282572)"
548,Prescott Brewing Company,Prescott, AZ,"(34.539984,-112.468812)"
549,Mogollon Brewing Company,Flagstaff, AZ,"(35.1816047,-111.6165953319917)"
550,Wind River Brewing Company,Pinedale, WY,"(42.8671325,-109.8609808)"
551,Silverton Brewery,Silverton, CO,"(34.471346749999995,-101.30405487410314)"
552,Mickey Finn's Brewery,Libertyville, IL,"(42.2830786,-87.9531303)"
553,Covington Brewhouse,Covington, LA,"(31.196549,-86.4597236)"
554,Dave's Brewfarm,Wilson, WI,"(43.4894045,-110.90166381495428)"
555,Ukiah Brewing Company,Ukiah, CA,"(39.1501662,-123.2077861)"
556,Butternuts Beer and Ale,Garrattsville, NY,"(42.6472968,-75.1718306)"
557,Sleeping Lady Brewing Company,Anchorage, AK,"(61.2163129,-149.894852)"
